"from","to","rho","abs_rho","p","p_adj","sign"
"FCPU426","Fusobacteriota",-0.933256525257383,0.933256525257383,0.00653337633891526,0.0098000645083729,"negative"
"WOR-1","Fusobacteriota",-0.933256525257383,0.933256525257383,0.00653337633891526,0.0098000645083729,"negative"
